horizon,observation_mse,action_conditioned_mse,improvement_percent
1,0.531364984278168,0.5312378204294613,0.023931544695111454
3,0.5988369006831367,0.6101691607419435,-1.8923783831422716
5,0.6497552305051725,0.664610208713845,-2.286242189558532
10,0.7332719357360696,0.752412780069969,-2.610333684008447
