seed,obs_accuracy,action_accuracy,obs_precision,action_precision,obs_recall,action_recall,accuracy_improvement,recall_improvement
1,0.5366666666666666,0.6029166666666667,0.9200958849380743,0.9232283464566929,0.42342342342342343,0.5173745173745173,0.06625000000000003,0.09395109395109391
2,0.5691666666666667,0.6006944444444444,0.9294377067254685,0.9184073107049608,0.46497517926089355,0.5173745173745173,0.03152777777777771,0.052399338113623795
3,0.6430555555555556,0.6031944444444445,0.9078760307079897,0.9151125401929261,0.5870564441993014,0.5232579518293804,-0.039861111111111125,-0.06379849236992097
4,0.5377777777777778,0.6461111111111111,0.9223689475790317,0.9075274880180434,0.42379113807685237,0.5918367346938775,0.10833333333333328,0.16804559661702517
5,0.5975,0.6151388888888889,0.9180651530108588,0.9097051597051597,0.5129619415333702,0.5445854017282589,0.01763888888888887,0.03162346019488871
