seed,observation_loss,action_loss,difference,improvement_percent
1,0.5910918115512699,0.5905701651218089,0.0005216464294609535,0.08825133748544699
2,0.5921801638307301,0.5911725468880741,0.0010076169426560533,0.1701537816021937
3,0.589435543151612,0.5894049062585154,3.063689309656947e-05,0.0051976663865160215
4,0.5906503898032168,0.5877826367075561,0.0028677530956606745,0.48552462593245815
5,0.5892906885409186,0.587999220012773,0.0012914685281455451,0.21915644575060506
