scenario,observation_loss,action_conditioned_loss,improvement_percent
NORMAL,5.770730924606323,5.673335054185656,1.687756225218766
HIGH LOAD,6.265846514842919,6.166764679745104,1.581300066369385
HIGH FAILURE,6.843084237984652,6.732207086664685,1.6202803803657537
