horizon,rssm_mse
1,0.5340622583670276
3,0.6052549901577804
5,0.6578065015409635
10,0.7447604136847554
